Word1,Word2,Word3,Label
deserve,prospective,appeal,1
abolish,deserve,entire,1
legislation,negative,mandate,0
arragement,division,managerial,1
adhere,concern,certification,0
entitle,highly,consultant,0
standard,condition,accustomed,1
inspection,deserve,excellent,1
instruct,reference,division,1
prospective,access,legislation,0
requirement,instruct,effect,0
interview,entitle,drastically,0
highly,demanding,opening,1
efficiently,enforce,code,1
restrict,release,procedure,1
sample,lack,specialize,0
compensation,approach,legislation,0
wage,occupation,inspection,1
immediately,condition,concern,1
familiar,assignment,accustomed,1
identify,certification,permission,0
reference,regulation,approval,0
mandate,policy,position,1
refrain,confidence,notify,1
ban,entitle,directly,1
applicant,recruit,revise,0
corporation,negative,drastically,0
form,consultant,abolish,0
submit,requirement,diligent,0
payroll,eligible,request,0
managerial,qualified,division,0
colleague,associate,manage,1
severely,meet,instruct,1
act,prospective,candidate,1
exception,impressed,remind,1
training,arragement,highly,1
access,constant,appeal,1
apprehensive,attire,hire,0
opening,excellent,demanding,0
deadline,professional,authorize,0
achievement,proficiency,deserve,0
enable,monitor,obligation,1
prohibit,degree,effect,0
entire,thoroughly,resume,1
habit,perform,adhere,0
comply,interview,employment,0
permission,applicant,directly,1